[{"@type":"mappingTemplate","id":"@1","name":"EllucianSections2S3","description":"","bundleVersion":"0","templateId":"@3","deployTime":1607107787000,"hasParameters":true,"valid":true,"fixedConnection":true,"hasParametersDeployed":true,"fixedConnectionDeployed":true,"isSchemaValidationEnabled":false,"tasks":0,"mappingPreviewFileRecordId":"@2","documentType":"","references":[{"@type":"reference","refObjectId":"@auFAI5H2EQqk2OTDZiYAWq","refType":"connection"},{"@type":"reference","refObjectId":"@96GWtgv14jrdax0NbRkaWk","refType":"connection"}]}]