[{"@type":"mappingTemplate","id":"@1","name":"EllucianSections2DBParameterized","description":"Mapping which will leverage a CAI process to call the Ellucian API and retrieve simplified Course data, and write to a parameterized target file.","bundleVersion":"0","templateId":"@3","deployTime":1659006744000,"hasParameters":false,"valid":true,"fixedConnection":true,"hasParametersDeployed":false,"fixedConnectionDeployed":true,"isSchemaValidationEnabled":false,"tasks":1,"mappingPreviewFileRecordId":"@2","documentType":"","references":[{"@type":"reference","refObjectId":"@auFAI5H2EQqk2OTDZiYAWq","refType":"connection"},{"@type":"reference","refObjectId":"@bpYvnYiZLeLeLHOXDF8Rwk","refType":"connection"}]}]