[{"@type":"mappingTemplate","id":"@1","name":"File2EllucianTable","description":"","bundleVersion":"0","templateId":"@3","deployTime":1574702325000,"hasParameters":true,"valid":true,"fixedConnection":true,"hasParametersDeployed":true,"fixedConnectionDeployed":true,"isSchemaValidationEnabled":false,"tasks":1,"mappingPreviewFileRecordId":"@2","documentType":"","references":[{"@type":"reference","refObjectId":"@bpYvnYiZLeLeLHOXDF8Rwk","refType":"connection"},{"@type":"reference","refObjectId":"@96GWtgv14jrdax0NbRkaWk","refType":"connection"}]}]