[{"@type":"mappingTemplate","id":"@1","name":"EllucianPagedSections2File","description":"*** Mapping which will leverage a CAI process to call the Ellucian API and retrieve simplified Course data, and write to a parameterized target file.","bundleVersion":"0","templateId":"@3","deployTime":1707423192000,"hasParameters":true,"valid":true,"fixedConnection":true,"hasParametersDeployed":true,"fixedConnectionDeployed":true,"isSchemaValidationEnabled":false,"tasks":1,"mappingPreviewFileRecordId":"@2","documentType":"","references":[{"@type":"reference","refObjectId":"@2A0VDXNaiougz7cO7j9kOl","refType":"connection"},{"@type":"reference","refObjectId":"@2ua7fBbGOcAekxCTsUNRce","refType":"connection"}]}]