[{"@type":"mappingTemplate","id":"@1","name":"EllucianAPs2File","description":"Extract Ellucian Academic Periods to a Local File, and an ADLS Gen2 File","bundleVersion":"0","templateId":"@3","deployTime":1686061630000,"hasParameters":false,"valid":true,"fixedConnection":true,"hasParametersDeployed":false,"fixedConnectionDeployed":true,"isSchemaValidationEnabled":false,"tasks":0,"mappingPreviewFileRecordId":"@2","documentType":"MAPPING","references":[{"@type":"reference","refObjectId":"@96GWtgv14jrdax0NbRkaWk","refType":"connection"},{"@type":"reference","refObjectId":"@1uHmpWZ7UDbhBNwHRnSyie","refType":"connection"},{"@type":"reference","refObjectId":"@3xksfMtJLVSgc4JlnYXsat","refType":"connection"}]}]