[{"@type":"mappingTemplate","id":"@1","name":"TestDynamicWeather","description":"","bundleVersion":"0","templateId":"@3","deployTime":1607468218000,"hasParameters":false,"valid":true,"fixedConnection":true,"hasParametersDeployed":false,"fixedConnectionDeployed":true,"tasks":1,"mappingPreviewFileRecordId":"@2","documentType":"MAPPING","references":[{"@type":"reference","refObjectId":"@1EU5K7EgFY0kCHSRXgkTiO","refType":"connection"},{"@type":"reference","refObjectId":"@96GWtgv14jrdax0NbRkaWk","refType":"connection"}]}]