[{"@type":"mappingTemplate","id":"@1","name":"EllucianSections2File","description":"Mapping which will leverage a CAI process to call the Ellucian API and retrieve simplified Course data, and write to a parameterized target file.","bundleVersion":"0","templateId":"@3","deployTime":1643811369000,"hasParameters":true,"valid":true,"fixedConnection":true,"hasParametersDeployed":true,"fixedConnectionDeployed":true,"isSchemaValidationEnabled":false,"tasks":0,"mappingPreviewFileRecordId":"@2","documentType":"","references":[{"@type":"reference","refObjectId":"@auFAI5H2EQqk2OTDZiYAWq","refType":"connection"},{"@type":"reference","refObjectId":"@96GWtgv14jrdax0NbRkaWk","refType":"connection"}]}]