[{"@type":"mtTask","id":"@1","name":"EllucianSections2CustomerXFile","description":"Instance of Ellucian API to Flat File Mapping","runtimeEnvironmentId":"@2qUI0tNLqmDev6d5P5EwMF","maxLogs":10,"verbose":false,"lastRunTime":1701973856000,"mappingId":"@bb9NFu9ybEfb7pyLZ8HXeA","frsGuid":"352aXGygD4ob0k9U3wl7oO","shortDescription":"Instance of Ellucian API to Flat File Mapping","sessionPropertiesList":[],"hidden":false,"enableCrossSchemaPushdown":true,"enableParallelRun":false,"autoTunedApplied":false,"autoTunedAppliedType":"NONE","schemaMode":"async","valid":true,"schemaValidationErrorCount":-1,"parameterFileEncoding":"UTF-8","serverlessProperties":{},"taskProperties":[{"@type":"taskProperty","name":"parameterFileDir","currentValue":"","type":"STRING","label":"label.parameterFileDir","required":false},{"@type":"taskProperty","name":"parameterFileName","currentValue":"","type":"STRING","label":"label.parameterFileName","required":false}],"isMidstreamPreview":false,"parameters":[{"@type":"mtTaskParameter","id":731057386,"name":"$EllucianAPI$","type":"H_SOURCE","label":"EllucianAPI","uiProperties":{"connectionParameterized":"false","isSelectDistinct":"false","isMsrcFilterParameterized":"false","objectParameterized":"false","visible":"false","originalPath":"EllucianAPI"},"sourceConnectionId":"@auFAI5H2EQqk2OTDZiYAWq","sourceObject":"GetCoursesByAPOperation","newFlatFile":false,"newObject":false,"showBusinessNames":false,"naturalOrder":true,"truncateTarget":false,"bulkApiDBTarget":false,"customFuncCfg":{"@type":"customFuncConfig","id":-1,"connections":[],"inputMap":[],"outputFields":[]},"targetRefsV2":{},"targetUpdateColumns":[],"extendedObject":{"@type":"extendedObject","singleMode":true,"filters":[],"sortFields":[]},"runtimeAttrs":{},"isRESTModernSource":true,"requestXml":"{\n  \"body\" : {\n    \"inAP\" : \"2f234699-c0f3-4312-a9b5-ee27ab32762b\"\n  }\n}","isFileList":false,"handleSpecialChars":false,"handleDecimalRoundOff":false,"frsAsset":false,"dynamicFileName":false,"excludeDynamicFileNameField":false,"currentlyProcessedFileName":false,"retainFieldMetadata":false,"objectName":"GetCoursesByAPOperation","useExactSrcNames":false,"metadataVersion":"31","tgtObjectAttributes":{},"runtimeParameterData":{"@type":"mtTaskRuntimeParameterData","isConnectionRuntimeParameter":false,"isObjectRuntimeParameter":false},"overridableProperties":[],"overriddenFields":[]},{"@type":"mtTaskParameter","id":731057389,"name":"$File$","type":"TARGET","label":"File","uiProperties":{"connectionParameterized":"false","objlabel":"CustomerFile","origobjlabel":"","objectParameterized":"true","objDesc":"","objectParamName":"CustomerFile","objectParamType-mapping":"DataObject","defaultTargetUpdateColumns":"","fieldMappingParameterized":"true","supportApplyDDLChanges":"false","originalPath":"File"},"targetConnectionId":"@96GWtgv14jrdax0NbRkaWk","targetObject":"EllucianOutCustomerX.csv","targetObjectLabel":"EllucianOutCustomerX.csv","newFlatFile":false,"newObject":false,"showBusinessNames":true,"naturalOrder":true,"truncateTarget":false,"bulkApiDBTarget":false,"operationType":"Insert","customFuncCfg":{"@type":"customFuncConfig","id":-1,"connections":[],"inputMap":[],"outputFields":[]},"targetRefsV2":{},"targetUpdateColumns":[],"extendedObject":{"@type":"extendedObject","singleMode":true,"filters":[],"sortFields":[]},"runtimeAttrs":{},"isRESTModernSource":true,"isFileList":false,"handleSpecialChars":false,"handleDecimalRoundOff":false,"frsAsset":false,"dynamicFileName":false,"excludeDynamicFileNameField":false,"currentlyProcessedFileName":false,"retainFieldMetadata":false,"objectName":"EllucianOutCustomerX.csv","objectLabel":"EllucianOutCustomerX.csv","useExactSrcNames":false,"tgtObjectAttributes":{},"runtimeParameterData":{"@type":"mtTaskRuntimeParameterData","isConnectionRuntimeParameter":false,"isObjectRuntimeParameter":false,"objectParameterName":"CustomerFile"},"overridableProperties":[],"overriddenFields":[]},{"@type":"mtTaskParameter","id":731057392,"name":"$CustomerFileMapping$","type":"STRING","text":"nstring (255, 0) CourseSectionTitle=SectionTitle;nstring (255, 0) CourseSectionMaxEnrollment=SectionMaxEnrollment;nstring (255, 0) CourseSectionStartOn=SectionStartOn;nstring (255, 0) AcademicPeriodTitle=AcademicPeriodTitle;nstring (255, 0) CourseSectionNumber=SectionNumber;nstring (255, 0) CourseSectionCode=SectionCode;nstring (255, 0) CourseNumber=CourseNumber;nstring (255, 0) CourseTitle=CourseTitle;","label":"CustomerFileMapping","description":"","uiProperties":{"paramName":"CustomerFileMapping","paramLabel":"","paramType-mapping":"FieldMapping","paramtype":"Fieldmap","supressFieldmappingSuffix":"true","lefttitle":"Incoming Fields","righttitle":"Target Fields","originalPath":"File"},"newFlatFile":false,"newObject":false,"showBusinessNames":true,"naturalOrder":true,"truncateTarget":false,"bulkApiDBTarget":false,"customFuncCfg":{"@type":"customFuncConfig","id":-1,"connections":[],"inputMap":[],"outputFields":[]},"targetRefsV2":{},"targetUpdateColumns":[],"runtimeAttrs":{},"isRESTModernSource":true,"isFileList":false,"handleSpecialChars":false,"handleDecimalRoundOff":false,"frsAsset":false,"dynamicFileName":false,"excludeDynamicFileNameField":false,"currentlyProcessedFileName":false,"retainFieldMetadata":false,"useExactSrcNames":false,"tgtObjectAttributes":{},"runtimeParameterData":{"@type":"mtTaskRuntimeParameterData","isConnectionRuntimeParameter":false,"isObjectRuntimeParameter":false},"overridableProperties":[],"overriddenFields":[]}],"sequences":[],"inOutParameters":[],"connRuntimeAttrs":[]}]